user_id,age,gender,total_spent,total_purchases,total_transactions,spent_on_electronics,spent_on_fashion,spent_on_grocery,spent_on_home,spent_on_sports,avg_monthly_spent
1,32,F,1043,20,4,401.0,154.0,0.0,358.0,0.0,347.6666666666667
2,28,F,1910,30,7,0.0,288.0,0.0,998.0,624.0,318.3333333333333
3,65,F,1142,38,9,0.0,83.0,582.0,353.0,0.0,163.14285714285714
4,28,M,2197,35,7,452.0,0.0,0.0,607.0,762.0,366.1666666666667
5,21,F,3156,66,12,788.0,0.0,751.0,0.0,978.0,526.0
6,29,F,1819,62,11,333.0,0.0,867.0,400.0,0.0,259.85714285714283
7,38,F,2859,59,12,0.0,0.0,1035.0,499.0,865.0,317.6666666666667
8,30,M,1785,38,9,357.0,0.0,946.0,0.0,299.0,255.0
9,19,M,2428,39,8,0.0,0.0,646.0,400.0,1199.0,346.85714285714283
10,60,F,4072,76,16,1239.0,0.0,0.0,756.0,1373.0,509.0
11,27,M,2142,43,9,0.0,1062.0,0.0,446.0,546.0,357.0
12,38,M,2422,60,10,0.0,356.0,960.0,576.0,0.0,346.0
13,60,F,1978,46,8,0.0,758.0,208.0,0.0,903.0,329.6666666666667
14,32,M,1735,25,7,336.0,0.0,471.0,0.0,637.0,247.85714285714286
15,48,F,2913,60,11,0.0,934.0,0.0,872.0,580.0,416.14285714285717
16,54,M,3491,55,11,694.0,0.0,662.0,0.0,2001.0,436.375
17,35,F,771,12,2,0.0,0.0,355.0,0.0,416.0,385.5
18,58,M,4379,69,14,2092.0,0.0,0.0,1745.0,542.0,398.09090909090907
19,52,M,1830,28,6,492.0,320.0,466.0,0.0,0.0,305.0
20,22,F,1304,21,4,0.0,0.0,558.0,0.0,746.0,326.0
21,33,F,3257,69,13,0.0,1252.0,0.0,666.0,757.0,361.8888888888889
22,63,F,2982,59,13,504.0,0.0,1764.0,396.0,0.0,331.3333333333333
23,33,M,2102,50,10,0.0,347.0,444.0,0.0,720.0,262.75
24,41,M,1825,59,10,322.0,0.0,0.0,514.0,613.0,260.7142857142857
25,27,F,2171,51,9,0.0,0.0,1138.0,835.0,198.0,361.8333333333333
26,34,M,2060,39,9,0.0,0.0,449.0,940.0,671.0,294.2857142857143
27,31,F,2537,42,9,448.0,0.0,853.0,0.0,945.0,281.8888888888889
28,48,F,1620,25,6,252.0,879.0,0.0,343.0,0.0,324.0
29,38,M,2691,58,11,526.0,1017.0,0.0,809.0,0.0,384.42857142857144
30,55,M,3993,60,12,1089.0,0.0,0.0,2012.0,476.0,443.6666666666667
31,31,M,1492,41,9,0.0,508.0,0.0,249.0,628.0,213.14285714285714
32,51,M,3276,70,13,1648.0,789.0,720.0,0.0,0.0,546.0
33,36,M,3912,81,12,0.0,407.0,1349.0,1764.0,0.0,558.8571428571429
34,22,M,2307,51,10,0.0,470.0,752.0,591.0,0.0,288.375
35,46,M,3393,64,12,0.0,466.0,1367.0,0.0,713.0,339.3
36,56,F,2713,67,10,0.0,413.0,1216.0,552.0,0.0,301.44444444444446
37,61,F,3131,57,11,218.0,0.0,889.0,1847.0,0.0,521.8333333333334
38,51,F,1864,51,8,0.0,0.0,658.0,677.0,416.0,266.2857142857143
39,26,F,2080,36,8,447.0,0.0,459.0,754.0,0.0,346.6666666666667
40,64,M,3468,64,12,1060.0,0.0,324.0,1951.0,0.0,693.6
41,22,M,1523,29,4,0.0,0.0,741.0,399.0,383.0,507.6666666666667
42,56,M,3038,53,14,0.0,0.0,825.0,538.0,1138.0,276.1818181818182
43,68,M,2490,54,9,554.0,841.0,0.0,691.0,0.0,311.25
44,29,M,2781,34,9,1001.0,0.0,0.0,1267.0,279.0,463.5
45,21,F,1595,29,6,0.0,0.0,526.0,827.0,242.0,319.0
46,30,F,3133,63,12,590.0,703.0,0.0,0.0,1360.0,391.625
47,55,F,2851,41,8,0.0,0.0,1456.0,0.0,1395.0,475.1666666666667
48,44,F,3050,66,11,1064.0,1046.0,0.0,0.0,940.0,435.7142857142857
49,61,M,3271,43,11,0.0,0.0,606.0,1131.0,1252.0,363.44444444444446
50,59,M,2707,63,10,0.0,413.0,1157.0,548.0,0.0,386.7142857142857
51,32,F,1657,43,7,0.0,435.0,322.0,427.0,0.0,276.1666666666667
52,63,F,2972,41,8,0.0,1186.0,1144.0,0.0,351.0,424.57142857142856
53,36,M,2764,65,14,453.0,1161.0,633.0,0.0,0.0,345.5
54,34,M,4479,71,14,0.0,858.0,1511.0,1778.0,0.0,447.9
55,62,M,2978,63,12,630.0,0.0,0.0,656.0,1196.0,330.8888888888889
56,53,M,2466,56,9,1000.0,463.0,0.0,0.0,563.0,411.0
57,18,M,1676,33,6,300.0,0.0,0.0,419.0,758.0,419.0
58,60,M,2500,54,12,0.0,0.0,1200.0,722.0,509.0,357.14285714285717
59,55,F,2014,39,9,0.0,0.0,315.0,755.0,807.0,251.75
60,58,F,4973,84,14,858.0,959.0,0.0,0.0,1818.0,621.625
61,30,F,2406,40,9,0.0,448.0,0.0,840.0,673.0,401.0
62,54,M,3606,60,13,919.0,0.0,1238.0,0.0,787.0,360.6
63,57,F,1664,48,9,0.0,0.0,378.0,790.0,407.0,237.71428571428572
64,26,M,2166,37,8,627.0,0.0,0.0,189.0,1176.0,433.2
65,52,M,5223,103,21,1699.0,0.0,0.0,1547.0,940.0,435.25
66,45,M,1795,39,7,0.0,861.0,311.0,0.0,623.0,359.0
67,38,M,2558,46,9,347.0,0.0,548.0,0.0,1189.0,426.3333333333333
68,39,M,1890,41,10,162.0,0.0,817.0,831.0,0.0,270.0
69,50,M,1285,29,6,273.0,240.0,0.0,0.0,535.0,214.16666666666666
70,36,F,492,16,3,431.0,0.0,0.0,0.0,61.0,164.0
71,45,M,2810,67,11,539.0,613.0,700.0,0.0,0.0,351.25
72,54,M,2556,62,12,497.0,594.0,895.0,0.0,0.0,365.14285714285717
73,24,M,2871,48,11,413.0,0.0,0.0,923.0,1535.0,358.875
74,25,F,2280,29,7,0.0,845.0,0.0,1085.0,350.0,380.0
75,34,F,4160,72,17,0.0,0.0,500.0,1993.0,1620.0,416.0
76,66,F,2558,56,9,0.0,392.0,588.0,955.0,0.0,365.42857142857144
77,58,F,1907,49,8,0.0,235.0,980.0,548.0,0.0,272.42857142857144
78,62,F,1800,43,9,0.0,379.0,409.0,0.0,597.0,360.0
79,58,M,4018,65,13,0.0,570.0,0.0,1036.0,1523.0,446.44444444444446
80,46,M,2633,64,12,0.0,549.0,1286.0,0.0,452.0,292.55555555555554
81,55,F,3110,60,11,894.0,679.0,0.0,0.0,978.0,388.75
82,26,M,1038,37,5,0.0,259.0,589.0,190.0,0.0,207.6
83,44,M,3956,83,15,0.0,0.0,1539.0,896.0,1054.0,439.55555555555554
84,44,F,2654,53,10,0.0,0.0,846.0,831.0,695.0,442.3333333333333
85,37,M,2324,47,11,565.0,546.0,0.0,472.0,0.0,258.22222222222223
86,34,F,3659,50,11,805.0,0.0,1001.0,0.0,1398.0,457.375
87,36,F,2070,64,10,0.0,0.0,660.0,1008.0,402.0,295.7142857142857
88,56,F,2672,56,9,431.0,0.0,1232.0,761.0,0.0,334.0
89,23,F,3284,63,15,0.0,790.0,1429.0,0.0,656.0,328.4
90,37,M,2315,38,9,195.0,1242.0,0.0,878.0,0.0,257.22222222222223
91,68,F,2926,42,11,679.0,0.0,992.0,524.0,0.0,487.6666666666667
92,36,M,2087,46,9,0.0,1059.0,679.0,292.0,0.0,417.4
93,45,F,3322,55,12,1039.0,0.0,1108.0,0.0,455.0,369.1111111111111
94,26,M,2562,45,8,654.0,365.0,0.0,0.0,1130.0,320.25
95,38,F,2801,69,13,0.0,0.0,431.0,1293.0,447.0,311.22222222222223
96,45,F,2758,52,12,0.0,0.0,481.0,883.0,634.0,344.75
97,54,M,4955,108,17,0.0,1329.0,938.0,1769.0,0.0,450.45454545454544
98,69,M,3462,85,14,832.0,0.0,0.0,907.0,1025.0,432.75
99,48,M,1982,39,6,383.0,0.0,489.0,755.0,0.0,396.4
100,57,F,3022,50,14,0.0,0.0,1124.0,660.0,1238.0,431.7142857142857
101,35,F,2607,57,12,989.0,0.0,575.0,0.0,664.0,325.875
102,59,M,2495,74,11,409.0,0.0,0.0,809.0,775.0,277.22222222222223
103,47,F,3533,93,15,766.0,642.0,0.0,0.0,922.0,441.625
104,48,F,2858,56,13,784.0,828.0,0.0,0.0,793.0,357.25
105,46,F,2935,58,12,0.0,835.0,1254.0,532.0,0.0,419.2857142857143
106,29,F,1259,27,4,488.0,287.0,0.0,290.0,0.0,314.75
107,32,M,2251,57,10,0.0,0.0,361.0,511.0,1237.0,321.57142857142856
108,19,F,2054,51,10,0.0,0.0,393.0,381.0,1095.0,256.75
109,39,M,3122,72,12,1130.0,0.0,510.0,994.0,0.0,390.25
110,37,M,3603,57,10,765.0,0.0,1369.0,0.0,918.0,514.7142857142857
111,22,M,2371,43,9,0.0,25.0,1531.0,815.0,0.0,395.1666666666667
112,27,F,3775,82,15,682.0,0.0,0.0,1518.0,1550.0,419.44444444444446
113,63,M,804,23,5,0.0,69.0,0.0,369.0,300.0,160.8
114,46,M,2909,79,14,846.0,0.0,710.0,806.0,0.0,363.625
115,26,F,1710,45,7,421.0,0.0,353.0,0.0,677.0,285.0
116,29,M,3172,45,11,679.0,561.0,0.0,0.0,1070.0,453.14285714285717
117,25,M,1870,49,8,539.0,503.0,0.0,627.0,0.0,311.6666666666667
118,61,F,3186,71,12,529.0,0.0,654.0,1545.0,0.0,354.0
119,54,M,1883,48,8,333.0,0.0,906.0,477.0,0.0,313.8333333333333
120,27,F,4247,78,17,0.0,483.0,2553.0,773.0,0.0,386.09090909090907
121,50,F,1599,41,9,124.0,0.0,322.0,0.0,1124.0,228.42857142857142
122,48,M,2028,27,6,469.0,0.0,953.0,0.0,515.0,338.0
123,48,M,1912,49,10,412.0,500.0,484.0,0.0,0.0,273.14285714285717
124,65,F,3923,62,14,932.0,0.0,1254.0,0.0,1283.0,435.8888888888889
125,22,M,653,25,4,54.0,126.0,473.0,0.0,0.0,163.25
126,18,F,2654,43,11,0.0,0.0,961.0,347.0,1155.0,379.14285714285717
127,22,M,4000,59,12,0.0,0.0,1005.0,834.0,871.0,444.44444444444446
128,56,M,2355,45,9,0.0,401.0,852.0,1062.0,0.0,471.0
129,61,M,1711,36,8,564.0,0.0,609.0,388.0,0.0,285.1666666666667
130,56,M,2807,48,10,391.0,0.0,0.0,633.0,1279.0,467.8333333333333
131,56,M,4108,76,15,0.0,560.0,847.0,2159.0,0.0,456.44444444444446
132,64,M,2407,41,10,0.0,559.0,741.0,485.0,0.0,300.875
133,20,M,2661,50,10,0.0,0.0,457.0,620.0,1468.0,295.6666666666667
134,55,F,2465,44,9,96.0,0.0,1640.0,0.0,729.0,352.14285714285717
135,40,M,4978,71,17,1080.0,0.0,943.0,0.0,1170.0,382.9230769230769
136,30,M,2554,24,7,0.0,0.0,613.0,1276.0,665.0,510.8
137,24,F,2985,65,12,0.0,0.0,563.0,1475.0,447.0,373.125
138,48,M,2567,39,9,0.0,649.0,107.0,1811.0,0.0,427.8333333333333
139,52,M,1680,27,5,484.0,0.0,458.0,0.0,442.0,420.0
140,42,M,2498,43,9,284.0,0.0,1142.0,830.0,0.0,624.5
141,69,F,2748,45,9,0.0,1195.0,334.0,992.0,0.0,343.5
142,62,M,306,22,4,0.0,0.0,239.0,67.0,0.0,76.5
143,66,M,2377,61,11,0.0,544.0,0.0,638.0,757.0,339.57142857142856
144,56,M,2676,60,11,0.0,866.0,465.0,1036.0,0.0,297.3333333333333
145,29,F,3252,55,11,0.0,593.0,1307.0,1037.0,0.0,406.5
146,33,M,3593,52,13,0.0,0.0,451.0,1782.0,988.0,449.125
147,46,M,2348,28,8,781.0,0.0,873.0,427.0,0.0,469.6
148,55,F,2793,40,11,733.0,0.0,0.0,847.0,514.0,465.5
149,49,M,2077,66,12,283.0,0.0,1212.0,0.0,576.0,259.625
150,64,F,3838,88,16,0.0,1347.0,0.0,815.0,795.0,426.44444444444446
151,62,M,4067,67,15,1647.0,0.0,0.0,442.0,1251.0,451.8888888888889
152,36,F,2389,51,11,640.0,0.0,464.0,738.0,0.0,298.625
153,63,M,2822,45,9,0.0,0.0,1236.0,747.0,839.0,403.14285714285717
154,39,F,2887,51,13,0.0,664.0,578.0,0.0,1169.0,320.77777777777777
155,52,M,1888,53,9,228.0,0.0,539.0,0.0,960.0,236.0
156,40,M,1819,36,6,725.0,451.0,643.0,0.0,0.0,454.75
157,63,M,2532,55,11,0.0,0.0,1013.0,182.0,1104.0,253.2
158,37,M,2724,55,11,0.0,0.0,1292.0,612.0,654.0,389.14285714285717
159,39,F,3091,55,10,0.0,0.0,829.0,764.0,882.0,386.375
160,59,M,3010,39,12,683.0,958.0,0.0,567.0,0.0,430.0
161,19,F,1325,29,8,663.0,94.0,415.0,0.0,0.0,220.83333333333334
162,63,F,2766,45,10,715.0,0.0,597.0,0.0,775.0,395.14285714285717
163,44,M,2506,62,10,0.0,443.0,0.0,921.0,559.0,313.25
164,43,M,2145,40,9,0.0,577.0,0.0,840.0,348.0,306.42857142857144
165,36,F,1046,31,6,616.0,0.0,62.0,0.0,324.0,174.33333333333334
166,56,F,2847,54,11,0.0,0.0,889.0,354.0,1259.0,355.875
167,66,M,2662,31,8,906.0,931.0,825.0,0.0,0.0,380.2857142857143
168,47,F,2775,79,12,888.0,0.0,1327.0,0.0,560.0,308.3333333333333
169,30,M,2215,35,8,806.0,0.0,83.0,0.0,1326.0,316.42857142857144
170,41,F,2633,56,10,0.0,0.0,1232.0,256.0,946.0,376.14285714285717
171,33,F,3668,58,10,449.0,0.0,1209.0,1563.0,0.0,458.5
172,29,M,2587,44,9,0.0,0.0,903.0,692.0,534.0,323.375
173,38,M,4183,113,19,0.0,0.0,988.0,1083.0,1056.0,380.27272727272725
174,52,F,1801,50,9,370.0,0.0,601.0,621.0,0.0,225.125
175,53,M,2378,32,9,622.0,474.0,0.0,0.0,701.0,339.7142857142857
176,23,M,2200,31,7,451.0,460.0,0.0,658.0,0.0,440.0
177,39,F,2886,74,13,0.0,568.0,525.0,1286.0,0.0,360.75
178,29,F,2381,59,9,0.0,478.0,484.0,593.0,0.0,297.625
179,47,F,3479,63,14,0.0,1180.0,0.0,367.0,1322.0,347.9
180,34,M,4757,73,15,0.0,0.0,1835.0,1281.0,1039.0,679.5714285714286
181,68,M,3019,62,12,0.0,717.0,0.0,519.0,1096.0,301.9
182,55,M,2988,55,10,0.0,0.0,213.0,1707.0,770.0,597.6
183,43,F,3522,69,12,0.0,0.0,1148.0,488.0,1480.0,440.25
184,54,M,1985,36,7,0.0,524.0,0.0,793.0,369.0,397.0
185,55,F,3727,69,16,633.0,0.0,0.0,700.0,1944.0,414.1111111111111
186,46,M,4208,58,14,0.0,964.0,0.0,812.0,1308.0,382.54545454545456
187,57,F,2845,57,11,0.0,760.0,1129.0,519.0,0.0,316.1111111111111
188,34,F,2452,58,11,0.0,416.0,849.0,0.0,903.0,350.2857142857143
189,51,M,3491,59,16,547.0,742.0,0.0,1445.0,0.0,290.9166666666667
190,42,F,757,27,5,387.0,0.0,0.0,315.0,43.0,151.4
191,67,M,2368,62,11,726.0,0.0,0.0,647.0,738.0,296.0
192,60,M,1837,47,8,657.0,376.0,0.0,0.0,583.0,306.1666666666667
193,44,F,2978,58,13,541.0,505.0,1404.0,0.0,0.0,425.42857142857144
194,53,M,1825,31,8,0.0,258.0,349.0,0.0,1218.0,260.7142857142857
195,57,M,2202,32,7,0.0,684.0,489.0,0.0,580.0,550.5
196,19,F,2600,48,10,0.0,0.0,247.0,1695.0,487.0,325.0
197,28,F,1733,31,7,493.0,0.0,943.0,297.0,0.0,288.8333333333333
198,29,F,2908,42,9,0.0,420.0,533.0,0.0,1241.0,415.42857142857144
199,48,M,3807,48,12,0.0,0.0,976.0,857.0,1210.0,423.0
200,31,M,2995,38,10,0.0,1245.0,600.0,846.0,0.0,427.85714285714283
201,37,F,1771,37,7,421.0,387.0,631.0,0.0,0.0,295.1666666666667
202,59,F,2497,72,12,0.0,0.0,1029.0,335.0,736.0,356.7142857142857
203,60,F,2473,46,9,0.0,0.0,841.0,376.0,1154.0,353.2857142857143
204,52,F,2862,57,12,0.0,0.0,608.0,647.0,1005.0,286.2
205,45,M,3083,51,11,0.0,933.0,1081.0,0.0,606.0,440.42857142857144
206,20,M,1909,28,6,912.0,0.0,0.0,391.0,487.0,381.8
207,36,F,3107,53,12,0.0,401.0,1386.0,937.0,0.0,517.8333333333334
208,37,M,2723,59,13,0.0,470.0,1244.0,0.0,488.0,389.0
209,41,F,2331,35,8,0.0,510.0,1314.0,434.0,0.0,388.5
210,54,F,5744,115,24,0.0,0.0,1492.0,2058.0,1550.0,522.1818181818181
211,62,F,2914,46,10,478.0,0.0,771.0,0.0,1290.0,485.6666666666667
212,62,F,2141,59,12,0.0,366.0,392.0,903.0,0.0,356.8333333333333
213,37,F,1785,37,7,498.0,0.0,829.0,0.0,458.0,297.5
214,60,M,2002,30,9,322.0,0.0,402.0,990.0,0.0,400.4
215,24,F,2208,41,8,586.0,0.0,801.0,486.0,0.0,276.0
216,30,M,3366,60,12,1194.0,0.0,773.0,0.0,1027.0,306.0
217,68,F,1932,25,5,487.0,0.0,440.0,876.0,0.0,483.0
218,43,F,1477,42,8,337.0,0.0,0.0,465.0,619.0,246.16666666666666
219,58,F,3728,51,14,0.0,1238.0,0.0,1201.0,580.0,414.22222222222223
220,59,F,2007,40,7,353.0,0.0,1094.0,560.0,0.0,286.7142857142857
221,19,M,2064,49,9,384.0,0.0,0.0,460.0,1135.0,294.85714285714283
222,65,M,1525,31,6,337.0,0.0,577.0,492.0,0.0,254.16666666666666
223,27,F,1434,37,7,445.0,0.0,0.0,301.0,430.0,204.85714285714286
224,61,F,3425,63,13,0.0,0.0,1020.0,986.0,667.0,489.2857142857143
225,57,F,1590,27,5,0.0,0.0,926.0,664.0,0.0,397.5
226,45,M,2139,36,7,412.0,361.0,0.0,0.0,982.0,427.8
227,23,M,3126,59,11,427.0,0.0,0.0,1235.0,1048.0,347.3333333333333
228,39,M,5033,84,17,0.0,0.0,917.0,1326.0,1562.0,503.3
229,63,F,1716,46,9,242.0,0.0,0.0,501.0,598.0,214.5
230,64,F,3731,49,12,773.0,0.0,0.0,462.0,1698.0,466.375
231,39,F,3427,66,14,0.0,0.0,1709.0,828.0,744.0,571.1666666666666
232,65,M,4210,72,13,0.0,1740.0,459.0,1412.0,0.0,467.77777777777777
233,20,M,1618,53,8,0.0,0.0,832.0,292.0,494.0,231.14285714285714
234,33,M,2004,39,9,371.0,0.0,587.0,477.0,0.0,286.2857142857143
235,45,M,4318,60,14,0.0,0.0,853.0,1158.0,1555.0,616.8571428571429
236,68,M,1434,29,7,0.0,0.0,600.0,132.0,702.0,358.5
237,25,F,3534,49,13,0.0,0.0,973.0,1369.0,855.0,353.4
238,27,M,2574,47,9,0.0,0.0,852.0,757.0,431.0,429.0
239,18,F,1215,43,7,0.0,458.0,437.0,315.0,0.0,243.0
240,56,F,1684,37,8,0.0,715.0,318.0,593.0,0.0,280.6666666666667
241,58,M,3854,61,13,0.0,465.0,0.0,1864.0,1209.0,428.22222222222223
242,53,M,2761,67,13,575.0,0.0,555.0,1089.0,0.0,276.1
243,29,M,4687,78,16,1037.0,0.0,909.0,1631.0,0.0,468.7
244,20,M,3141,63,12,0.0,918.0,1187.0,0.0,535.0,392.625
245,55,F,3822,84,12,0.0,661.0,614.0,1830.0,0.0,546.0
246,24,F,3508,46,14,661.0,1071.0,0.0,1224.0,0.0,389.77777777777777
247,39,M,4401,66,15,0.0,0.0,1228.0,846.0,1117.0,489.0
248,62,M,1890,35,9,0.0,0.0,678.0,789.0,273.0,315.0
249,30,F,3326,35,12,626.0,769.0,0.0,0.0,1166.0,415.75
250,20,M,3834,71,14,0.0,0.0,1520.0,1381.0,520.0,383.4
251,31,M,3840,81,14,0.0,0.0,1314.0,560.0,1191.0,349.09090909090907
252,26,M,3013,81,12,0.0,0.0,332.0,905.0,1431.0,376.625
253,39,F,1263,19,7,44.0,0.0,816.0,0.0,377.0,210.5
254,25,F,1695,58,10,290.0,0.0,1240.0,0.0,130.0,211.875
255,30,F,2434,60,12,0.0,0.0,519.0,1156.0,485.0,221.27272727272728
256,39,F,1482,24,6,0.0,675.0,342.0,465.0,0.0,247.0
257,69,F,2894,49,14,0.0,0.0,717.0,527.0,1514.0,361.75
258,66,M,1706,64,12,526.0,308.0,0.0,0.0,460.0,243.71428571428572
259,58,F,2464,39,10,0.0,471.0,520.0,0.0,734.0,352.0
260,55,M,1482,27,6,88.0,0.0,547.0,0.0,847.0,370.5
261,24,F,1784,33,6,0.0,0.0,554.0,418.0,606.0,356.8
262,38,F,1125,39,7,522.0,0.0,0.0,321.0,204.0,160.71428571428572
263,63,M,2434,32,8,494.0,0.0,0.0,707.0,755.0,347.7142857142857
264,36,F,1878,38,8,0.0,0.0,946.0,57.0,875.0,313.0
265,66,F,2035,41,10,359.0,0.0,650.0,571.0,0.0,339.1666666666667
266,24,F,2443,59,11,834.0,0.0,0.0,652.0,539.0,407.1666666666667
267,61,F,2855,71,12,666.0,0.0,802.0,890.0,0.0,356.875
268,39,F,2103,41,10,318.0,0.0,689.0,0.0,821.0,300.42857142857144
269,60,F,2337,46,9,637.0,0.0,0.0,412.0,1161.0,292.125
270,59,M,2979,66,11,0.0,0.0,1015.0,904.0,361.0,372.375
271,53,M,2680,37,9,0.0,732.0,952.0,0.0,673.0,536.0
272,22,M,2313,45,8,0.0,0.0,710.0,1090.0,498.0,330.42857142857144
273,21,F,2688,55,12,1122.0,0.0,285.0,0.0,1027.0,298.6666666666667
274,56,M,1947,32,7,834.0,0.0,0.0,587.0,352.0,389.4
275,31,M,3429,54,11,1284.0,0.0,614.0,889.0,0.0,428.625
276,65,F,4362,65,14,0.0,937.0,0.0,983.0,1370.0,484.6666666666667
277,57,F,1742,41,9,227.0,0.0,158.0,1357.0,0.0,217.75
278,47,M,1890,55,11,365.0,788.0,431.0,0.0,0.0,236.25
279,28,F,1507,37,8,241.0,0.0,311.0,0.0,654.0,301.4
280,39,M,2289,45,11,0.0,0.0,734.0,682.0,561.0,286.125
281,60,M,1259,45,9,0.0,520.0,347.0,0.0,205.0,251.8
282,21,F,2919,64,12,1072.0,0.0,0.0,970.0,627.0,417.0
283,66,M,5083,97,18,1539.0,0.0,805.0,1723.0,0.0,508.3
284,51,F,2486,79,14,717.0,0.0,501.0,972.0,0.0,276.22222222222223
285,54,F,3877,65,13,0.0,0.0,618.0,930.0,1818.0,484.625
286,39,M,3706,68,13,0.0,1094.0,0.0,950.0,1221.0,529.4285714285714
287,32,M,3118,77,14,0.0,0.0,1131.0,780.0,519.0,346.44444444444446
288,22,F,4193,90,15,919.0,0.0,1379.0,991.0,0.0,419.3
289,22,M,2413,74,13,362.0,0.0,1194.0,316.0,0.0,301.625
290,58,F,1926,41,9,613.0,0.0,304.0,771.0,0.0,385.2
291,66,F,3057,68,13,0.0,0.0,1197.0,641.0,986.0,305.7
292,68,F,3246,77,12,470.0,0.0,1280.0,1033.0,0.0,405.75
293,69,F,1190,31,8,245.0,204.0,655.0,0.0,0.0,170.0
294,63,F,3600,56,11,0.0,1318.0,0.0,894.0,1264.0,450.0
295,66,F,1622,25,6,0.0,460.0,406.0,595.0,0.0,405.5
296,40,M,1553,35,6,0.0,266.0,0.0,789.0,498.0,388.25
297,45,F,3635,75,14,0.0,582.0,1243.0,1341.0,0.0,454.375
298,29,F,3589,52,12,0.0,785.0,0.0,1356.0,703.0,448.625
299,40,M,3907,73,15,1156.0,0.0,1441.0,0.0,1310.0,488.375
300,28,F,2390,56,11,0.0,378.0,767.0,0.0,668.0,298.75
301,67,F,1937,40,7,287.0,0.0,0.0,610.0,932.0,322.8333333333333
302,42,M,2367,57,11,0.0,426.0,928.0,0.0,682.0,263.0
303,42,F,4066,87,16,0.0,0.0,1132.0,1888.0,1046.0,369.6363636363636
304,19,F,2467,49,10,0.0,696.0,0.0,1181.0,406.0,308.375
305,27,F,2385,21,6,0.0,0.0,398.0,875.0,746.0,397.5
306,67,M,2668,64,12,374.0,0.0,848.0,1390.0,0.0,381.14285714285717
307,33,M,1695,30,9,0.0,0.0,351.0,551.0,713.0,242.14285714285714
308,20,M,2119,54,10,66.0,0.0,743.0,0.0,1310.0,302.7142857142857
309,48,F,1958,36,8,0.0,1021.0,0.0,437.0,500.0,326.3333333333333
310,35,F,2534,47,10,265.0,516.0,0.0,1664.0,0.0,362.0
311,31,M,1543,48,7,270.0,0.0,0.0,680.0,256.0,308.6
312,50,M,3072,55,10,593.0,0.0,0.0,872.0,903.0,341.3333333333333
313,52,F,1326,32,8,400.0,566.0,0.0,0.0,305.0,221.0
314,30,M,3964,66,14,0.0,891.0,1198.0,0.0,854.0,440.44444444444446
315,31,F,1889,41,9,878.0,0.0,334.0,429.0,0.0,314.8333333333333
316,40,F,1395,28,6,0.0,0.0,1009.0,386.0,0.0,279.0
317,37,F,2940,48,10,0.0,0.0,400.0,645.0,1566.0,420.0
318,67,F,3513,65,13,0.0,915.0,0.0,522.0,1614.0,439.125
319,30,M,1581,38,8,0.0,255.0,0.0,1018.0,300.0,316.2
320,35,M,3214,33,11,905.0,1029.0,0.0,821.0,0.0,401.75
321,58,M,4513,61,16,2058.0,0.0,0.0,631.0,1402.0,564.125
322,19,F,2826,52,10,0.0,0.0,566.0,796.0,1319.0,403.7142857142857
323,50,F,2425,62,12,0.0,376.0,0.0,967.0,887.0,269.44444444444446
324,29,F,1559,41,6,163.0,0.0,502.0,0.0,894.0,259.8333333333333
325,26,F,1558,22,7,0.0,0.0,317.0,438.0,803.0,259.6666666666667
326,30,F,3035,52,11,0.0,1049.0,0.0,610.0,774.0,379.375
327,66,M,3732,70,14,0.0,1499.0,690.0,921.0,0.0,414.6666666666667
328,35,F,448,6,1,0.0,0.0,448.0,0.0,0.0,448.0
329,39,F,3122,52,10,0.0,0.0,686.0,1199.0,1019.0,446.0
330,44,F,420,14,3,0.0,0.0,0.0,191.0,229.0,140.0
331,31,M,1879,38,7,462.0,0.0,790.0,0.0,389.0,313.1666666666667
332,36,M,1289,34,8,0.0,0.0,186.0,481.0,505.0,257.8
333,59,F,2492,41,10,543.0,0.0,675.0,496.0,0.0,415.3333333333333
334,19,M,2196,36,9,0.0,0.0,1117.0,286.0,555.0,274.5
335,40,M,2554,66,10,658.0,0.0,0.0,901.0,492.0,319.25
336,53,F,3126,38,11,0.0,939.0,0.0,876.0,1095.0,347.3333333333333
337,26,F,2778,40,10,0.0,1277.0,561.0,804.0,0.0,396.85714285714283
338,53,F,2373,59,12,0.0,342.0,735.0,0.0,992.0,237.3
339,43,F,804,10,3,0.0,0.0,426.0,378.0,0.0,268.0
340,37,M,1639,32,7,0.0,0.0,233.0,659.0,462.0,327.8
341,55,F,1815,38,9,0.0,696.0,447.0,459.0,0.0,302.5
342,35,M,2352,50,10,461.0,478.0,0.0,625.0,0.0,336.0
343,18,M,1126,31,5,0.0,218.0,0.0,908.0,0.0,225.2
344,42,F,2739,61,11,403.0,0.0,1875.0,0.0,276.0,304.3333333333333
345,65,M,2153,52,10,284.0,0.0,647.0,847.0,0.0,307.57142857142856
346,34,M,3256,67,14,0.0,623.0,1043.0,0.0,1053.0,361.77777777777777
347,37,M,1985,41,8,0.0,0.0,886.0,100.0,973.0,330.8333333333333
348,59,F,1728,35,8,0.0,194.0,1031.0,503.0,0.0,246.85714285714286
349,44,M,3031,52,10,768.0,1065.0,0.0,0.0,694.0,505.1666666666667
350,44,F,1480,30,5,452.0,99.0,929.0,0.0,0.0,370.0
351,68,M,2670,62,10,0.0,540.0,904.0,0.0,668.0,445.0
352,27,M,2988,48,8,499.0,922.0,0.0,1567.0,0.0,498.0
353,50,F,1178,35,7,0.0,311.0,480.0,233.0,0.0,196.33333333333334
354,45,F,45,6,1,0.0,0.0,0.0,0.0,45.0,45.0
355,31,M,2616,39,11,802.0,282.0,1196.0,0.0,0.0,436.0
356,46,M,3598,65,13,696.0,0.0,0.0,890.0,1255.0,359.8
357,64,M,3031,61,11,0.0,0.0,872.0,641.0,934.0,378.875
358,67,F,1017,23,5,123.0,437.0,0.0,457.0,0.0,254.25
359,19,M,1075,28,7,0.0,276.0,313.0,0.0,215.0,215.0
360,42,M,1846,24,7,0.0,0.0,858.0,338.0,440.0,369.2
361,37,M,4684,47,14,1042.0,1290.0,923.0,0.0,0.0,520.4444444444445
362,61,M,2780,59,9,0.0,0.0,1595.0,370.0,815.0,397.14285714285717
363,46,M,2396,70,12,785.0,0.0,1017.0,0.0,347.0,299.5
364,28,M,1844,47,7,779.0,0.0,734.0,0.0,216.0,368.8
365,49,F,2216,54,8,459.0,839.0,0.0,512.0,0.0,316.57142857142856
366,66,F,2120,27,6,0.0,482.0,0.0,641.0,582.0,353.3333333333333
367,34,M,2152,54,10,437.0,0.0,493.0,792.0,0.0,269.0
368,38,M,4715,82,19,0.0,0.0,1079.0,1618.0,1705.0,428.6363636363636
369,23,F,3892,72,15,619.0,0.0,1553.0,0.0,1145.0,353.8181818181818
370,62,M,1945,40,8,175.0,300.0,0.0,0.0,1348.0,486.25
371,44,F,2191,52,11,0.0,0.0,358.0,1277.0,279.0,273.875
372,44,M,2642,55,11,498.0,0.0,0.0,705.0,705.0,293.55555555555554
373,55,F,3479,79,13,0.0,0.0,1034.0,1020.0,601.0,497.0
374,30,M,2747,50,11,874.0,677.0,0.0,643.0,0.0,392.42857142857144
375,32,F,2083,46,8,974.0,0.0,493.0,370.0,0.0,520.75
376,34,M,2307,44,8,0.0,618.0,895.0,686.0,0.0,329.57142857142856
377,23,F,2289,42,10,391.0,0.0,650.0,978.0,0.0,327.0
378,54,F,1789,50,10,242.0,0.0,1110.0,0.0,437.0,255.57142857142858
379,47,M,1885,58,9,0.0,0.0,822.0,426.0,563.0,314.1666666666667
380,69,F,1697,45,9,325.0,0.0,0.0,1065.0,166.0,242.42857142857142
381,31,M,1675,32,6,0.0,378.0,363.0,0.0,581.0,418.75
382,22,M,3942,50,12,432.0,0.0,2198.0,833.0,0.0,492.75
383,55,F,3727,51,13,0.0,0.0,1256.0,1092.0,1313.0,465.875
384,58,M,2423,39,9,0.0,1203.0,482.0,0.0,481.0,403.8333333333333
385,30,M,3923,66,15,0.0,1143.0,0.0,715.0,1530.0,301.7692307692308
386,31,M,3483,58,12,347.0,0.0,816.0,1916.0,0.0,387.0
387,32,F,1016,23,4,283.0,0.0,275.0,458.0,0.0,254.0
388,21,M,2408,28,9,424.0,0.0,1499.0,0.0,473.0,401.3333333333333
389,44,M,1544,38,6,163.0,0.0,670.0,0.0,711.0,308.8
390,30,F,2502,82,13,0.0,263.0,1053.0,914.0,0.0,250.2
391,54,M,1208,29,6,0.0,0.0,709.0,457.0,42.0,201.33333333333334
392,53,F,1743,53,9,0.0,515.0,0.0,832.0,396.0,217.875
393,23,M,1624,28,8,0.0,415.0,331.0,836.0,0.0,270.6666666666667
394,54,M,1744,32,5,52.0,972.0,0.0,720.0,0.0,436.0
395,66,M,3719,59,11,1138.0,0.0,1448.0,0.0,711.0,464.875
396,30,M,1408,38,8,323.0,0.0,0.0,511.0,290.0,201.14285714285714
397,55,F,2080,43,9,0.0,0.0,1285.0,35.0,760.0,297.14285714285717
398,38,M,2867,57,11,1028.0,0.0,925.0,0.0,464.0,358.375
399,61,F,2930,46,11,0.0,0.0,1308.0,1100.0,522.0,325.55555555555554
400,43,M,2147,44,9,0.0,0.0,661.0,781.0,432.0,306.7142857142857
401,37,F,1977,51,8,0.0,672.0,958.0,215.0,0.0,329.5
402,60,M,937,21,3,0.0,319.0,0.0,446.0,172.0,312.3333333333333
403,39,M,1470,44,9,0.0,0.0,268.0,962.0,240.0,210.0
404,57,M,1208,48,8,451.0,0.0,678.0,0.0,79.0,201.33333333333334
405,55,F,2747,53,11,346.0,939.0,0.0,1241.0,0.0,343.375
406,49,M,3166,46,9,0.0,877.0,1049.0,0.0,986.0,633.2
407,27,M,696,12,4,0.0,350.0,26.0,320.0,0.0,174.0
408,26,F,2394,29,7,0.0,930.0,652.0,712.0,0.0,399.0
409,45,M,3572,56,14,0.0,0.0,810.0,1273.0,667.0,357.2
410,61,M,2123,51,10,0.0,551.0,1493.0,0.0,48.0,303.2857142857143
411,54,F,3101,48,10,610.0,432.0,0.0,1586.0,0.0,443.0
412,61,F,2067,32,8,869.0,393.0,641.0,0.0,0.0,344.5
413,60,M,2732,25,8,0.0,0.0,618.0,842.0,844.0,455.3333333333333
414,42,M,1726,28,7,0.0,1157.0,54.0,507.0,0.0,345.2
415,43,M,2391,59,10,0.0,247.0,0.0,1271.0,836.0,298.875
416,48,M,1155,23,6,49.0,0.0,394.0,0.0,712.0,231.0
417,60,F,3084,62,12,770.0,0.0,0.0,1187.0,563.0,342.6666666666667
418,69,F,2187,48,10,0.0,0.0,454.0,1177.0,394.0,243.0
419,38,F,3016,63,13,0.0,0.0,663.0,804.0,795.0,301.6
420,39,F,3352,73,13,473.0,0.0,0.0,1439.0,923.0,372.44444444444446
421,59,F,4614,71,15,1296.0,0.0,976.0,0.0,1063.0,461.4
422,44,M,2062,39,8,0.0,754.0,0.0,762.0,546.0,294.57142857142856
423,47,M,4312,69,14,636.0,0.0,0.0,2042.0,898.0,431.2
424,53,M,2095,42,8,0.0,316.0,287.0,0.0,1219.0,349.1666666666667
425,24,M,2408,42,8,0.0,0.0,832.0,781.0,331.0,344.0
426,63,F,970,20,4,0.0,92.0,366.0,512.0,0.0,242.5
427,54,F,3506,40,10,0.0,0.0,1749.0,475.0,919.0,389.55555555555554
428,32,M,3346,54,12,0.0,916.0,1036.0,1068.0,0.0,371.77777777777777
429,51,M,2512,29,7,904.0,463.0,746.0,0.0,0.0,502.4
430,61,F,1817,23,7,0.0,499.0,623.0,409.0,0.0,454.25
431,63,F,897,38,6,428.0,0.0,45.0,405.0,0.0,149.5
432,63,F,3945,74,13,0.0,1091.0,0.0,822.0,1251.0,358.6363636363636
433,23,F,865,29,5,0.0,81.0,600.0,0.0,184.0,173.0
434,37,F,3138,60,12,643.0,0.0,0.0,876.0,902.0,285.27272727272725
435,46,F,1826,28,7,867.0,0.0,0.0,381.0,578.0,365.2
436,20,F,927,22,5,0.0,656.0,117.0,0.0,119.0,185.4
437,54,F,2691,40,10,0.0,482.0,1707.0,317.0,0.0,538.2
438,38,M,1768,38,7,0.0,0.0,504.0,357.0,674.0,353.6
439,22,F,1322,30,6,144.0,180.0,0.0,875.0,0.0,330.5
440,67,M,2393,58,10,0.0,949.0,371.0,482.0,0.0,265.8888888888889
441,36,M,1832,42,10,878.0,0.0,249.0,0.0,456.0,261.7142857142857
442,18,M,1710,31,5,0.0,488.0,429.0,417.0,0.0,427.5
443,20,M,1987,46,10,0.0,325.0,266.0,0.0,1249.0,283.85714285714283
444,30,M,1429,39,8,0.0,0.0,261.0,672.0,389.0,238.16666666666666
445,41,M,3582,84,13,0.0,0.0,1435.0,1243.0,823.0,447.75
446,61,M,2074,51,11,500.0,0.0,900.0,0.0,357.0,259.25
447,51,F,3766,71,14,1079.0,0.0,0.0,1054.0,729.0,470.75
448,30,F,2086,44,8,0.0,0.0,822.0,519.0,390.0,298.0
449,60,M,1845,47,8,0.0,384.0,778.0,402.0,0.0,307.5
450,33,M,3260,58,11,360.0,0.0,898.0,2002.0,0.0,465.7142857142857
451,29,M,4186,51,12,0.0,1795.0,683.0,1280.0,0.0,523.25
452,41,M,2538,50,11,0.0,862.0,713.0,0.0,568.0,282.0
453,57,F,1375,21,5,448.0,356.0,0.0,552.0,0.0,343.75
454,43,F,2280,40,8,0.0,275.0,827.0,916.0,0.0,285.0
455,25,M,2271,25,8,779.0,0.0,0.0,380.0,909.0,378.5
456,41,F,2925,67,12,0.0,429.0,0.0,648.0,1309.0,417.85714285714283
457,50,F,2230,43,10,0.0,528.0,0.0,460.0,1135.0,318.57142857142856
458,39,M,2253,49,9,88.0,0.0,0.0,1322.0,834.0,375.5
459,29,M,874,24,4,0.0,0.0,425.0,297.0,120.0,291.3333333333333
460,60,F,1969,50,11,0.0,238.0,1103.0,448.0,0.0,246.125
461,20,F,1944,44,8,0.0,0.0,771.0,840.0,252.0,324.0
462,31,M,1139,34,7,0.0,0.0,141.0,342.0,559.0,162.71428571428572
463,23,F,2150,38,7,317.0,1086.0,0.0,476.0,0.0,537.5
464,31,F,3249,48,12,0.0,656.0,1048.0,846.0,0.0,361.0
465,38,M,1885,24,8,717.0,0.0,752.0,0.0,393.0,314.1666666666667
466,48,M,3038,37,11,713.0,0.0,783.0,793.0,0.0,506.3333333333333
467,56,M,1719,65,10,105.0,449.0,0.0,0.0,1112.0,214.875
468,66,M,1211,32,7,0.0,81.0,389.0,0.0,681.0,201.83333333333334
469,67,M,2224,43,8,0.0,0.0,739.0,600.0,581.0,317.7142857142857
470,64,M,2661,58,10,0.0,574.0,1029.0,0.0,510.0,380.14285714285717
471,60,F,3730,82,15,0.0,0.0,782.0,1286.0,1542.0,373.0
472,50,F,1458,19,8,0.0,0.0,343.0,891.0,224.0,182.25
473,66,M,2957,68,10,0.0,958.0,704.0,692.0,0.0,422.42857142857144
474,49,F,5338,96,19,1536.0,1267.0,0.0,0.0,1632.0,593.1111111111111
475,27,M,1891,41,9,0.0,646.0,774.0,249.0,0.0,270.14285714285717
476,29,M,2989,69,11,480.0,0.0,0.0,1474.0,708.0,373.625
477,25,F,2264,42,10,0.0,698.0,0.0,562.0,569.0,323.42857142857144
478,42,F,1478,29,5,307.0,0.0,370.0,0.0,414.0,295.6
479,27,M,1430,27,7,0.0,168.0,447.0,524.0,0.0,357.5
480,20,F,2797,35,9,0.0,792.0,0.0,1151.0,633.0,399.57142857142856
481,48,M,2951,41,9,0.0,0.0,505.0,799.0,1466.0,491.8333333333333
482,36,F,2990,46,10,437.0,0.0,1434.0,0.0,811.0,332.22222222222223
483,57,F,4067,77,15,0.0,0.0,1062.0,875.0,1260.0,338.9166666666667
484,19,F,3382,73,13,971.0,645.0,1221.0,0.0,0.0,483.14285714285717
485,46,M,3846,76,14,0.0,0.0,1309.0,1654.0,552.0,384.6
486,29,F,3254,56,11,0.0,0.0,556.0,872.0,1128.0,464.85714285714283
487,61,M,2662,48,8,0.0,436.0,692.0,1357.0,0.0,443.6666666666667
488,67,M,1200,27,5,0.0,358.0,375.0,0.0,312.0,300.0
489,55,M,3788,90,19,0.0,828.0,1410.0,0.0,779.0,344.3636363636364
490,45,F,2028,33,7,0.0,0.0,329.0,1279.0,288.0,338.0
491,46,F,1848,43,7,519.0,0.0,474.0,0.0,855.0,369.6
492,34,F,4122,70,13,878.0,0.0,0.0,872.0,1917.0,458.0
493,32,M,722,20,3,0.0,147.0,0.0,575.0,0.0,240.66666666666666
494,43,M,3087,67,11,0.0,585.0,1234.0,892.0,0.0,441.0
495,33,F,2038,30,8,971.0,0.0,379.0,688.0,0.0,254.75
496,25,F,3608,56,12,0.0,914.0,0.0,1022.0,1210.0,360.8
497,63,M,3236,71,14,701.0,0.0,1365.0,0.0,814.0,323.6
498,39,F,3132,51,11,693.0,474.0,1430.0,0.0,0.0,522.0
499,62,F,3763,70,15,739.0,0.0,731.0,1313.0,0.0,537.5714285714286
500,18,M,2299,56,10,0.0,0.0,594.0,1111.0,594.0,287.375
501,47,M,2134,60,11,0.0,0.0,759.0,925.0,450.0,304.85714285714283
502,47,F,1218,23,4,0.0,313.0,0.0,905.0,0.0,304.5
503,45,M,2422,56,10,0.0,1285.0,0.0,537.0,600.0,302.75
504,37,M,1434,21,5,0.0,325.0,345.0,0.0,473.0,358.5
505,58,F,2034,47,8,0.0,0.0,748.0,913.0,373.0,254.25
506,59,F,3700,61,12,770.0,0.0,856.0,1394.0,0.0,528.5714285714286
507,23,M,1471,56,11,0.0,384.0,0.0,458.0,433.0,210.14285714285714
508,56,F,2160,36,9,0.0,716.0,942.0,0.0,307.0,270.0
509,39,F,1557,38,7,0.0,0.0,355.0,528.0,674.0,222.42857142857142
510,19,M,2418,25,6,0.0,787.0,1631.0,0.0,0.0,483.6
511,42,F,2153,61,10,514.0,0.0,0.0,588.0,813.0,307.57142857142856
512,43,M,2697,56,12,660.0,0.0,897.0,0.0,808.0,449.5
513,62,F,1623,39,8,0.0,0.0,241.0,0.0,1382.0,270.5
514,47,M,3468,71,14,0.0,549.0,1031.0,1493.0,0.0,315.27272727272725
515,36,M,3087,50,13,0.0,515.0,1357.0,1124.0,0.0,280.6363636363636
516,61,F,2849,67,12,0.0,445.0,0.0,651.0,1424.0,407.0
517,57,F,1874,33,7,0.0,835.0,508.0,0.0,377.0,374.8
518,35,F,1474,42,8,477.0,0.0,0.0,295.0,636.0,245.66666666666666
519,56,F,2279,47,9,354.0,0.0,577.0,1135.0,0.0,325.57142857142856
520,54,F,3360,69,12,0.0,570.0,0.0,1193.0,588.0,420.0
521,49,F,1956,49,7,871.0,0.0,95.0,990.0,0.0,279.42857142857144
522,29,F,1563,36,8,0.0,30.0,863.0,670.0,0.0,260.5
523,33,M,1094,50,9,336.0,16.0,0.0,729.0,0.0,156.28571428571428
524,63,F,3067,58,11,1399.0,0.0,0.0,802.0,517.0,383.375
525,33,F,4209,72,14,0.0,960.0,0.0,1367.0,1054.0,467.6666666666667
526,47,M,3032,79,16,958.0,0.0,567.0,816.0,0.0,336.8888888888889
527,21,F,4473,78,15,696.0,0.0,1527.0,0.0,1112.0,447.3
528,23,F,3491,63,11,925.0,0.0,1060.0,1506.0,0.0,436.375
529,33,M,1899,33,7,337.0,0.0,334.0,914.0,0.0,474.75
530,46,F,1275,64,10,481.0,0.0,0.0,302.0,214.0,159.375
531,50,F,2874,76,11,0.0,476.0,685.0,1232.0,0.0,359.25
532,66,M,1300,27,5,439.0,0.0,861.0,0.0,0.0,260.0
533,21,M,2042,48,11,0.0,0.0,709.0,330.0,816.0,255.25
534,30,F,3139,66,15,0.0,399.0,1497.0,0.0,789.0,313.9
535,52,M,2175,45,9,0.0,0.0,590.0,858.0,712.0,271.875
536,30,F,3282,60,13,0.0,0.0,2086.0,401.0,315.0,364.6666666666667
537,23,M,2295,46,10,0.0,606.0,0.0,963.0,398.0,459.0
538,68,F,3871,67,12,1279.0,0.0,840.0,0.0,890.0,387.1
539,53,F,2563,37,10,546.0,1435.0,0.0,388.0,0.0,284.77777777777777
540,57,F,358,12,2,115.0,0.0,243.0,0.0,0.0,179.0
541,59,F,1856,27,5,325.0,0.0,0.0,156.0,1375.0,464.0
542,64,F,3651,63,11,481.0,0.0,1505.0,873.0,0.0,456.375
543,56,M,2375,45,10,0.0,0.0,838.0,419.0,705.0,339.2857142857143
544,35,M,3800,56,13,0.0,0.0,1231.0,1687.0,559.0,422.22222222222223
545,51,F,3550,69,13,0.0,760.0,0.0,2016.0,458.0,355.0
546,62,F,3104,77,13,0.0,0.0,811.0,627.0,697.0,310.4
547,30,M,2468,45,9,489.0,0.0,1003.0,864.0,0.0,411.3333333333333
548,69,F,2996,34,11,0.0,0.0,514.0,1086.0,872.0,374.5
549,59,M,2264,46,8,0.0,0.0,1164.0,416.0,537.0,377.3333333333333
550,47,M,3492,81,15,863.0,0.0,636.0,0.0,1224.0,317.45454545454544
551,63,M,1532,59,10,811.0,0.0,123.0,0.0,477.0,170.22222222222223
552,39,F,1667,31,6,189.0,428.0,0.0,866.0,0.0,416.75
553,22,M,2093,42,8,425.0,772.0,0.0,685.0,0.0,299.0
554,53,F,2994,50,10,0.0,583.0,570.0,1185.0,0.0,499.0
555,62,F,2897,48,11,720.0,636.0,0.0,0.0,902.0,321.8888888888889
556,38,F,3189,50,11,0.0,415.0,1343.0,1186.0,0.0,398.625
557,26,F,2331,37,9,0.0,0.0,575.0,1082.0,515.0,388.5
558,41,M,3271,56,11,808.0,0.0,1225.0,1016.0,0.0,408.875
559,38,F,4025,79,17,417.0,0.0,1782.0,1478.0,0.0,365.90909090909093
560,24,M,2112,27,6,471.0,0.0,1187.0,454.0,0.0,422.4
561,20,M,1500,31,7,0.0,0.0,356.0,482.0,231.0,214.28571428571428
562,35,F,2824,59,14,0.0,723.0,0.0,564.0,949.0,353.0
563,27,F,2466,41,9,0.0,0.0,1240.0,425.0,619.0,411.0
564,20,M,3163,46,12,966.0,0.0,1461.0,336.0,0.0,451.85714285714283
565,46,F,1513,38,8,0.0,382.0,21.0,1096.0,0.0,189.125
566,67,F,3423,63,11,0.0,776.0,0.0,1282.0,692.0,380.3333333333333
567,57,M,2274,43,8,0.0,0.0,662.0,1151.0,245.0,284.25
568,60,F,1685,54,12,0.0,515.0,799.0,0.0,356.0,210.625
569,65,F,3522,90,17,0.0,0.0,685.0,1334.0,783.0,391.3333333333333
570,44,M,2115,26,6,0.0,381.0,392.0,0.0,998.0,423.0
571,29,F,2235,51,11,0.0,220.0,0.0,341.0,1527.0,279.375
572,46,M,2442,50,10,453.0,0.0,1121.0,0.0,841.0,407.0
573,27,M,1384,19,4,0.0,372.0,0.0,1012.0,0.0,461.3333333333333
574,59,F,2940,70,12,1090.0,0.0,706.0,679.0,0.0,326.6666666666667
575,48,F,2035,37,7,473.0,0.0,332.0,1230.0,0.0,339.1666666666667
576,44,F,2708,41,10,0.0,471.0,0.0,835.0,1157.0,338.5
577,41,M,3018,51,10,1211.0,0.0,0.0,482.0,891.0,431.14285714285717
578,57,F,1699,39,8,0.0,0.0,418.0,395.0,686.0,283.1666666666667
579,24,M,2645,58,10,1159.0,834.0,0.0,0.0,448.0,377.85714285714283
580,47,F,2047,47,9,0.0,363.0,0.0,741.0,656.0,255.875
581,65,M,2659,55,11,0.0,911.0,0.0,732.0,1016.0,295.44444444444446
582,34,F,3377,51,12,623.0,0.0,631.0,0.0,1593.0,422.125
583,43,F,1607,48,8,0.0,0.0,249.0,198.0,1045.0,229.57142857142858
584,30,M,1441,33,8,0.0,253.0,954.0,164.0,0.0,240.16666666666666
585,32,M,3423,66,13,825.0,0.0,927.0,0.0,831.0,489.0
586,48,F,3050,68,12,0.0,720.0,0.0,1081.0,815.0,277.27272727272725
587,64,F,2153,45,8,691.0,0.0,670.0,514.0,0.0,430.6
588,46,F,3396,63,13,422.0,0.0,850.0,1738.0,0.0,424.5
589,19,M,1632,31,6,196.0,472.0,0.0,964.0,0.0,272.0
590,68,M,3413,45,12,1347.0,767.0,1299.0,0.0,0.0,341.3
591,28,M,2281,47,9,0.0,0.0,626.0,671.0,879.0,285.125
592,18,M,3696,67,14,808.0,0.0,1147.0,903.0,0.0,462.0
593,35,F,2602,69,11,298.0,0.0,0.0,1053.0,1096.0,325.25
594,57,F,701,18,4,0.0,331.0,172.0,198.0,0.0,175.25
595,57,F,1198,30,6,189.0,453.0,431.0,0.0,0.0,299.5
596,53,F,891,16,3,518.0,0.0,0.0,0.0,373.0,445.5
597,42,M,3437,67,14,545.0,616.0,0.0,1577.0,0.0,381.8888888888889
598,55,M,3020,57,11,0.0,0.0,964.0,598.0,867.0,431.42857142857144
599,50,F,1980,31,6,0.0,524.0,0.0,701.0,498.0,396.0
600,67,F,2416,53,13,0.0,0.0,503.0,604.0,1309.0,268.44444444444446
601,52,M,2638,75,14,401.0,1078.0,0.0,0.0,806.0,263.8
602,30,F,3074,62,11,0.0,0.0,1251.0,1135.0,688.0,384.25
603,45,F,2211,56,8,429.0,0.0,942.0,575.0,0.0,315.85714285714283
604,54,F,3928,73,13,0.0,1076.0,740.0,1085.0,0.0,561.1428571428571
605,43,F,2592,48,9,613.0,0.0,427.0,1452.0,0.0,370.2857142857143
606,48,F,1049,22,4,0.0,175.0,385.0,482.0,0.0,262.25
607,69,F,1603,44,8,360.0,0.0,0.0,691.0,363.0,267.1666666666667
608,43,F,3585,79,15,0.0,1249.0,587.0,0.0,815.0,325.90909090909093
609,46,M,602,14,3,0.0,155.0,395.0,0.0,52.0,200.66666666666666
610,60,F,1790,33,7,0.0,237.0,454.0,950.0,0.0,358.0
611,60,F,1656,17,7,483.0,0.0,0.0,518.0,382.0,331.2
612,66,F,2066,59,9,354.0,0.0,811.0,616.0,0.0,258.25
613,26,M,1855,41,8,0.0,1025.0,404.0,426.0,0.0,309.1666666666667
614,62,M,3960,96,18,1245.0,0.0,673.0,1358.0,0.0,396.0
615,45,M,3593,82,16,892.0,786.0,0.0,808.0,0.0,399.22222222222223
616,27,M,3191,47,11,490.0,0.0,1357.0,959.0,0.0,354.55555555555554
617,31,F,1446,28,7,0.0,646.0,422.0,0.0,207.0,206.57142857142858
618,61,M,2793,52,11,643.0,0.0,0.0,1052.0,487.0,349.125
619,33,M,2235,61,10,545.0,0.0,429.0,0.0,750.0,248.33333333333334
620,33,M,2217,36,7,0.0,636.0,1181.0,285.0,0.0,443.4
621,60,F,2496,76,13,0.0,674.0,0.0,779.0,869.0,277.3333333333333
622,32,F,3596,87,16,1260.0,0.0,0.0,872.0,685.0,359.6
623,25,F,903,16,3,0.0,0.0,480.0,160.0,263.0,451.5
624,28,F,2666,44,9,960.0,0.0,891.0,815.0,0.0,380.85714285714283
625,65,M,1688,28,7,699.0,0.0,0.0,77.0,912.0,281.3333333333333
626,43,M,2315,53,9,0.0,0.0,699.0,1055.0,561.0,385.8333333333333
627,62,M,2240,49,8,0.0,497.0,0.0,658.0,724.0,320.0
628,18,M,1810,30,6,0.0,34.0,571.0,0.0,1205.0,301.6666666666667
629,35,F,3948,63,13,0.0,644.0,579.0,0.0,1970.0,658.0
630,32,M,2800,39,9,0.0,423.0,0.0,499.0,1463.0,400.0
631,35,F,3178,46,9,0.0,330.0,1628.0,921.0,0.0,529.6666666666666
632,49,F,2946,57,12,0.0,0.0,682.0,617.0,1388.0,327.3333333333333
633,22,M,3005,79,14,930.0,0.0,828.0,795.0,0.0,333.8888888888889
634,64,M,1280,23,6,242.0,418.0,620.0,0.0,0.0,256.0
635,22,F,1532,31,7,351.0,0.0,339.0,471.0,0.0,255.33333333333334
636,39,M,760,26,5,0.0,46.0,34.0,680.0,0.0,152.0
637,58,F,2864,46,11,684.0,0.0,603.0,1276.0,0.0,358.0
638,18,F,2138,67,12,471.0,0.0,0.0,1145.0,349.0,267.25
639,35,F,2893,69,11,1196.0,0.0,700.0,668.0,0.0,361.625
640,68,F,1673,42,9,0.0,338.0,314.0,778.0,0.0,209.125
641,36,M,2555,66,15,435.0,0.0,0.0,1161.0,554.0,232.27272727272728
642,60,M,1897,39,8,0.0,0.0,1372.0,105.0,420.0,316.1666666666667
643,38,F,2534,54,11,0.0,997.0,970.0,0.0,513.0,316.75
644,34,M,3022,57,10,642.0,0.0,929.0,1165.0,0.0,377.75
645,66,F,2310,57,10,0.0,0.0,995.0,639.0,594.0,330.0
646,68,M,2270,29,8,544.0,0.0,0.0,507.0,978.0,378.3333333333333
647,23,F,2313,43,10,0.0,455.0,1266.0,511.0,0.0,385.5
648,20,M,2618,54,11,0.0,336.0,523.0,0.0,1501.0,436.3333333333333
649,42,F,2593,64,10,820.0,0.0,426.0,1147.0,0.0,370.42857142857144
650,25,M,3190,65,12,724.0,537.0,0.0,1436.0,0.0,455.7142857142857
651,68,F,3522,62,14,642.0,1314.0,0.0,0.0,983.0,391.3333333333333
652,35,M,1910,49,10,483.0,1022.0,334.0,0.0,0.0,318.3333333333333
653,40,M,3333,72,12,1036.0,479.0,0.0,0.0,891.0,416.625
654,47,F,1363,25,6,0.0,211.0,651.0,0.0,318.0,454.3333333333333
655,54,F,2457,41,8,952.0,0.0,454.0,981.0,0.0,491.4
656,49,M,1065,38,6,0.0,326.0,0.0,491.0,248.0,213.0
657,46,F,3429,55,13,442.0,0.0,869.0,1265.0,0.0,489.85714285714283
658,54,M,2737,38,8,476.0,0.0,705.0,1150.0,0.0,456.1666666666667
659,43,M,2356,32,8,0.0,0.0,532.0,764.0,471.0,392.6666666666667
660,54,M,3282,54,12,0.0,688.0,0.0,818.0,1298.0,468.85714285714283
661,46,M,2103,37,8,702.0,0.0,0.0,327.0,541.0,350.5
662,36,F,1384,37,6,354.0,0.0,0.0,587.0,416.0,276.8
663,53,F,3334,63,12,722.0,0.0,0.0,621.0,1586.0,416.75
664,39,F,2014,46,8,371.0,0.0,0.0,1191.0,352.0,335.6666666666667
665,62,M,775,19,5,0.0,0.0,188.0,0.0,587.0,155.0
666,51,F,2294,64,12,967.0,0.0,0.0,482.0,474.0,254.88888888888889
667,36,F,2379,50,9,0.0,510.0,937.0,543.0,0.0,396.5
668,65,M,2984,46,11,0.0,754.0,0.0,605.0,1190.0,331.55555555555554
669,28,M,2338,59,9,0.0,0.0,488.0,673.0,1177.0,292.25
670,46,F,4474,88,18,0.0,0.0,1072.0,1097.0,1218.0,406.72727272727275
671,39,F,2186,33,8,845.0,0.0,886.0,0.0,455.0,364.3333333333333
672,63,F,3154,53,11,573.0,0.0,679.0,1850.0,0.0,450.57142857142856
673,58,F,2390,36,10,0.0,339.0,1076.0,449.0,0.0,341.42857142857144
674,58,F,2963,61,13,0.0,0.0,1100.0,755.0,510.0,296.3
675,28,M,2289,54,8,491.0,0.0,791.0,791.0,0.0,327.0
676,44,M,2781,60,12,0.0,744.0,0.0,1306.0,427.0,309.0
677,33,M,1684,51,9,402.0,0.0,688.0,350.0,0.0,240.57142857142858
678,39,M,3668,64,15,0.0,0.0,1480.0,1136.0,812.0,458.5
679,26,F,1014,26,5,39.0,0.0,489.0,486.0,0.0,253.5
680,42,M,4043,66,14,824.0,0.0,1434.0,0.0,1043.0,505.375
681,57,F,3957,86,15,0.0,630.0,1347.0,1421.0,0.0,439.6666666666667
682,58,M,3090,52,10,799.0,776.0,989.0,0.0,0.0,386.25
683,22,F,2093,49,11,0.0,716.0,776.0,0.0,354.0,261.625
684,35,M,1495,28,6,577.0,823.0,0.0,0.0,95.0,299.0
685,67,M,3782,73,11,853.0,1119.0,0.0,0.0,998.0,420.22222222222223
686,38,M,2293,57,12,854.0,0.0,632.0,0.0,472.0,286.625
687,22,F,2151,35,9,344.0,1012.0,601.0,0.0,0.0,358.5
688,44,F,2933,53,10,455.0,0.0,1210.0,1268.0,0.0,488.8333333333333
689,22,F,1751,53,8,0.0,257.0,912.0,357.0,0.0,218.875
690,42,M,1424,23,5,483.0,0.0,345.0,433.0,0.0,284.8
691,37,F,2317,36,8,789.0,0.0,0.0,0.0,1528.0,386.1666666666667
692,33,F,1441,18,8,0.0,275.0,424.0,0.0,501.0,288.2
693,58,M,3358,82,13,0.0,0.0,698.0,671.0,817.0,335.8
694,42,M,3120,77,12,923.0,0.0,0.0,697.0,717.0,390.0
695,35,M,1926,58,9,0.0,129.0,0.0,700.0,1077.0,321.0
696,33,M,2131,35,7,0.0,406.0,470.0,917.0,0.0,355.1666666666667
697,19,F,1607,33,6,539.0,407.0,0.0,480.0,0.0,321.4
698,51,M,3095,52,12,0.0,0.0,780.0,701.0,996.0,343.8888888888889
699,19,F,1942,50,8,0.0,606.0,428.0,826.0,0.0,323.6666666666667
700,64,F,2356,39,8,0.0,241.0,0.0,1749.0,245.0,392.6666666666667
701,55,M,1385,36,6,399.0,0.0,367.0,0.0,572.0,277.0
702,51,M,2327,71,11,577.0,0.0,559.0,0.0,722.0,387.8333333333333
703,38,F,3203,75,16,0.0,0.0,478.0,1222.0,1034.0,400.375
704,26,F,1885,55,9,455.0,0.0,664.0,451.0,0.0,377.0
705,66,M,1819,39,9,0.0,262.0,552.0,724.0,0.0,303.1666666666667
706,30,M,2041,68,11,333.0,0.0,580.0,0.0,750.0,255.125
707,66,F,1083,13,5,0.0,0.0,0.0,501.0,582.0,270.75
708,54,M,2677,50,8,0.0,344.0,0.0,1744.0,589.0,535.4
709,41,M,3521,50,12,0.0,929.0,0.0,766.0,864.0,352.1
710,28,F,4859,72,15,0.0,742.0,0.0,1155.0,1877.0,441.72727272727275
711,47,M,3587,68,14,0.0,0.0,1002.0,2000.0,437.0,448.375
712,53,F,1804,41,8,300.0,480.0,0.0,588.0,0.0,300.6666666666667
713,20,M,2399,49,11,269.0,0.0,641.0,1264.0,0.0,342.7142857142857
714,38,M,3350,49,12,0.0,0.0,1039.0,1050.0,436.0,478.57142857142856
715,18,F,3010,69,14,987.0,0.0,812.0,0.0,616.0,334.44444444444446
716,56,M,2809,71,12,479.0,0.0,1637.0,502.0,0.0,401.2857142857143
717,62,F,1912,32,10,0.0,627.0,327.0,721.0,0.0,273.14285714285717
718,22,M,3532,70,12,0.0,0.0,1568.0,482.0,1081.0,392.44444444444446
719,39,F,1946,38,8,0.0,406.0,246.0,1229.0,0.0,243.25
720,23,M,3463,60,12,0.0,0.0,440.0,1897.0,883.0,432.875
721,57,F,2679,46,9,0.0,466.0,1605.0,0.0,447.0,446.5
722,24,F,2617,44,10,583.0,0.0,703.0,0.0,677.0,373.85714285714283
723,59,F,928,32,4,0.0,493.0,435.0,0.0,0.0,232.0
724,32,F,929,31,6,237.0,136.0,0.0,0.0,483.0,154.83333333333334
725,37,M,2665,43,12,0.0,0.0,794.0,964.0,374.0,333.125
726,66,M,2626,44,10,0.0,621.0,0.0,753.0,675.0,328.25
727,58,M,3333,84,16,0.0,0.0,1192.0,588.0,1553.0,303.0
728,43,F,1367,49,8,0.0,218.0,546.0,448.0,0.0,227.83333333333334
729,53,F,4129,73,14,500.0,0.0,2013.0,0.0,1084.0,458.77777777777777
730,40,M,1637,35,7,0.0,432.0,0.0,867.0,292.0,272.8333333333333
731,31,F,992,28,6,308.0,0.0,341.0,274.0,0.0,198.4
732,19,M,1244,21,5,0.0,0.0,354.0,303.0,414.0,248.8
733,58,M,3697,89,15,610.0,0.0,1234.0,0.0,1041.0,410.77777777777777
734,58,M,2567,36,8,348.0,0.0,0.0,583.0,1615.0,320.875
735,37,F,2932,77,14,0.0,930.0,0.0,554.0,1408.0,325.77777777777777
736,25,M,2846,54,10,0.0,0.0,802.0,920.0,672.0,316.22222222222223
737,64,M,2818,48,11,302.0,0.0,0.0,902.0,1172.0,313.1111111111111
738,50,F,2439,36,10,0.0,0.0,1164.0,423.0,622.0,271.0
739,19,M,1632,23,7,0.0,263.0,0.0,973.0,259.0,272.0
740,32,M,1935,22,7,0.0,0.0,756.0,932.0,247.0,322.5
741,48,M,4166,57,15,0.0,0.0,1458.0,633.0,1120.0,595.1428571428571
742,62,M,3802,76,12,953.0,892.0,0.0,1187.0,0.0,380.2
743,37,M,3043,52,13,0.0,0.0,1553.0,519.0,874.0,380.375
744,35,M,2089,47,8,0.0,0.0,263.0,520.0,1087.0,417.8
745,21,F,3862,70,14,866.0,0.0,1173.0,1066.0,0.0,429.1111111111111
746,31,F,3055,44,10,790.0,0.0,667.0,768.0,0.0,436.42857142857144
747,49,M,889,22,5,82.0,0.0,0.0,376.0,299.0,222.25
748,63,F,3865,78,15,732.0,0.0,0.0,956.0,1387.0,552.1428571428571
749,50,M,1158,26,4,199.0,0.0,469.0,0.0,490.0,289.5
750,64,F,2600,50,9,0.0,456.0,1489.0,416.0,0.0,371.42857142857144
751,24,F,3862,69,12,0.0,0.0,494.0,1226.0,1678.0,429.1111111111111
752,18,M,2308,32,8,0.0,0.0,736.0,427.0,958.0,384.6666666666667
753,30,M,2083,36,9,431.0,0.0,816.0,420.0,0.0,260.375
754,22,F,2301,71,13,0.0,0.0,859.0,675.0,498.0,230.1
755,19,M,2413,66,9,49.0,0.0,212.0,2104.0,0.0,301.625
756,36,F,3091,69,14,0.0,0.0,841.0,763.0,832.0,343.44444444444446
757,57,M,3148,55,11,590.0,0.0,1263.0,0.0,749.0,393.5
758,46,F,2613,38,8,1123.0,401.0,0.0,0.0,710.0,326.625
759,21,M,4495,87,17,0.0,0.0,973.0,2199.0,750.0,561.875
760,47,F,1450,43,8,281.0,0.0,0.0,1134.0,18.0,207.14285714285714
761,66,M,3506,74,14,762.0,0.0,0.0,1161.0,755.0,350.6
762,48,F,2347,35,7,790.0,0.0,0.0,685.0,872.0,469.4
763,25,M,3373,67,12,805.0,1208.0,0.0,0.0,687.0,421.625
764,27,M,3680,70,14,446.0,0.0,1373.0,1315.0,0.0,368.0
765,20,M,2228,59,13,0.0,443.0,782.0,0.0,563.0,278.5
766,34,M,817,26,4,0.0,418.0,347.0,0.0,52.0,272.3333333333333
767,22,M,2181,50,12,463.0,0.0,514.0,588.0,0.0,311.57142857142856
768,49,F,879,27,4,0.0,537.0,342.0,0.0,0.0,219.75
769,34,F,3005,50,10,0.0,602.0,823.0,0.0,986.0,333.8888888888889
770,60,F,3366,69,12,833.0,438.0,0.0,0.0,1829.0,374.0
771,25,M,2357,35,8,396.0,0.0,868.0,0.0,774.0,471.4
772,46,F,2557,49,9,781.0,0.0,0.0,601.0,637.0,365.2857142857143
773,23,M,2552,49,9,0.0,858.0,0.0,546.0,599.0,510.4
774,32,M,4438,71,16,0.0,882.0,0.0,1277.0,869.0,634.0
775,51,M,2366,61,11,553.0,0.0,982.0,0.0,446.0,338.0
776,64,F,2992,27,8,0.0,1663.0,0.0,456.0,490.0,374.0
777,55,M,2685,63,12,0.0,835.0,653.0,486.0,0.0,383.57142857142856
778,27,F,1832,47,9,0.0,376.0,970.0,0.0,382.0,229.0
779,53,F,1706,39,8,403.0,598.0,388.0,0.0,0.0,243.71428571428572
780,27,F,4597,76,17,1850.0,0.0,1266.0,561.0,0.0,417.90909090909093
781,68,F,1595,34,7,373.0,0.0,768.0,185.0,0.0,227.85714285714286
782,45,F,2940,56,10,585.0,0.0,991.0,1063.0,0.0,326.6666666666667
783,62,F,2322,46,10,474.0,0.0,751.0,935.0,0.0,258.0
784,43,F,3544,84,14,0.0,0.0,1075.0,1521.0,705.0,443.0
785,25,F,1817,50,8,0.0,491.0,214.0,1103.0,0.0,259.57142857142856
786,23,F,2808,59,10,0.0,0.0,1198.0,1096.0,482.0,401.14285714285717
787,28,M,2382,52,11,150.0,756.0,1218.0,0.0,0.0,340.2857142857143
788,62,M,3323,66,14,923.0,763.0,0.0,1049.0,0.0,369.22222222222223
789,29,M,2548,66,12,0.0,0.0,911.0,698.0,638.0,318.5
790,46,F,3221,71,12,0.0,0.0,451.0,1213.0,895.0,460.14285714285717
791,43,F,4447,95,17,1274.0,0.0,0.0,908.0,1695.0,494.1111111111111
792,29,M,1160,26,6,184.0,0.0,593.0,0.0,374.0,193.33333333333334
793,61,M,1942,45,9,0.0,974.0,0.0,245.0,565.0,277.42857142857144
794,66,M,2854,58,12,0.0,1042.0,697.0,0.0,928.0,317.1111111111111
795,52,F,1705,41,8,626.0,474.0,0.0,504.0,0.0,213.125
796,34,F,2509,40,8,0.0,0.0,801.0,571.0,847.0,501.8
797,26,M,2053,40,8,0.0,0.0,986.0,809.0,258.0,342.1666666666667
798,23,F,2354,61,11,483.0,0.0,0.0,886.0,679.0,261.55555555555554
799,56,F,1776,16,5,0.0,0.0,440.0,387.0,949.0,444.0
800,56,M,1040,14,4,0.0,0.0,0.0,930.0,110.0,260.0
801,25,M,2207,61,9,1195.0,0.0,0.0,576.0,302.0,245.22222222222223
802,68,F,2614,62,9,0.0,867.0,1168.0,0.0,554.0,435.6666666666667
803,66,F,2035,40,9,428.0,451.0,0.0,0.0,524.0,339.1666666666667
804,31,M,2115,51,9,178.0,0.0,0.0,847.0,976.0,352.5
805,45,F,617,16,3,394.0,39.0,0.0,0.0,184.0,205.66666666666666
806,49,M,2326,65,12,562.0,633.0,525.0,0.0,0.0,290.75
807,38,F,3381,79,15,730.0,0.0,1007.0,0.0,1211.0,422.625
808,32,M,1264,36,6,391.0,0.0,472.0,0.0,274.0,252.8
809,68,M,2121,52,9,314.0,0.0,711.0,0.0,799.0,303.0
810,67,M,1029,35,7,234.0,202.0,0.0,0.0,491.0,147.0
811,25,F,2027,39,9,502.0,0.0,527.0,821.0,0.0,337.8333333333333
812,30,M,3534,80,13,883.0,0.0,459.0,0.0,2009.0,392.6666666666667
813,36,F,3343,66,13,0.0,0.0,1388.0,804.0,745.0,303.90909090909093
814,67,M,3391,79,11,0.0,932.0,353.0,0.0,1936.0,565.1666666666666
815,38,F,2122,56,10,0.0,476.0,507.0,447.0,0.0,265.25
816,35,M,3151,64,11,0.0,428.0,702.0,1679.0,0.0,450.14285714285717
817,55,M,1434,36,8,677.0,456.0,282.0,0.0,0.0,204.85714285714286
818,40,M,1558,50,9,0.0,367.0,585.0,0.0,312.0,222.57142857142858
819,50,F,3589,68,14,0.0,826.0,0.0,1662.0,532.0,512.7142857142857
820,45,F,1334,19,4,454.0,0.0,0.0,153.0,727.0,333.5
821,33,F,2284,62,13,0.0,0.0,562.0,730.0,543.0,253.77777777777777
822,58,M,598,25,4,45.0,0.0,252.0,301.0,0.0,149.5
823,35,F,758,11,4,104.0,0.0,185.0,0.0,452.0,189.5
824,32,F,2984,82,15,0.0,634.0,679.0,1167.0,0.0,298.4
825,60,M,4400,68,14,0.0,0.0,1293.0,1087.0,1049.0,488.8888888888889
826,34,F,2893,54,11,361.0,0.0,0.0,803.0,1471.0,289.3
827,49,M,2819,56,9,0.0,0.0,1010.0,491.0,1053.0,402.7142857142857
828,20,F,3224,55,10,836.0,1168.0,0.0,790.0,0.0,806.0
829,57,M,954,14,4,449.0,0.0,381.0,0.0,124.0,318.0
830,62,M,3240,65,12,748.0,0.0,955.0,0.0,977.0,540.0
831,67,M,1478,56,11,0.0,507.0,406.0,523.0,0.0,184.75
832,51,M,2716,62,12,894.0,0.0,447.0,957.0,0.0,271.6
833,38,F,3416,53,11,774.0,0.0,0.0,487.0,1727.0,427.0
834,42,F,2758,35,12,0.0,0.0,1128.0,578.0,641.0,275.8
835,32,M,2404,67,15,0.0,728.0,851.0,407.0,0.0,240.4
836,45,F,1091,25,6,0.0,121.0,590.0,0.0,287.0,181.83333333333334
837,69,F,1789,35,7,470.0,0.0,569.0,608.0,0.0,357.8
838,22,F,3178,42,11,0.0,0.0,1119.0,1217.0,483.0,529.6666666666666
839,29,F,811,17,4,0.0,109.0,299.0,0.0,319.0,270.3333333333333
840,61,F,2161,46,11,0.0,245.0,1038.0,677.0,0.0,308.7142857142857
841,30,M,904,20,4,558.0,0.0,162.0,0.0,184.0,226.0
842,23,F,4785,81,15,0.0,0.0,1213.0,1875.0,1165.0,398.75
843,20,F,3618,84,14,922.0,0.0,1012.0,0.0,811.0,402.0
844,54,M,2531,68,12,466.0,937.0,857.0,0.0,0.0,281.22222222222223
845,65,F,1196,29,5,0.0,287.0,459.0,450.0,0.0,299.0
846,23,F,3006,60,11,549.0,0.0,1341.0,0.0,591.0,429.42857142857144
847,56,F,3232,62,13,0.0,0.0,815.0,701.0,1259.0,323.2
848,33,M,1859,37,9,0.0,0.0,526.0,626.0,707.0,232.375
849,64,F,3710,61,12,0.0,1026.0,0.0,1145.0,841.0,412.22222222222223
850,20,M,2866,51,9,0.0,1457.0,0.0,891.0,283.0,477.6666666666667
851,54,M,1458,26,6,0.0,0.0,786.0,219.0,453.0,364.5
852,59,F,2197,54,10,344.0,0.0,748.0,578.0,0.0,313.85714285714283
853,25,M,4336,76,15,0.0,0.0,500.0,1329.0,1811.0,481.77777777777777
854,20,F,1753,47,9,605.0,0.0,523.0,0.0,482.0,219.125
855,18,F,856,18,6,0.0,218.0,323.0,213.0,0.0,142.66666666666666
856,66,M,1861,50,9,86.0,0.0,1552.0,223.0,0.0,465.25
857,66,M,3387,69,15,963.0,0.0,0.0,764.0,1014.0,338.7
858,53,M,1747,41,8,0.0,496.0,429.0,534.0,0.0,249.57142857142858
859,59,M,1067,29,5,347.0,416.0,0.0,190.0,0.0,266.75
860,59,M,2980,51,11,626.0,0.0,0.0,916.0,913.0,425.7142857142857
861,59,M,2114,29,6,0.0,893.0,1221.0,0.0,0.0,422.8
862,45,F,2869,44,10,593.0,0.0,0.0,900.0,1050.0,409.85714285714283
863,67,M,578,16,3,0.0,54.0,524.0,0.0,0.0,192.66666666666666
864,63,M,962,18,4,278.0,0.0,363.0,297.0,0.0,320.6666666666667
865,30,M,1801,16,7,0.0,0.0,604.0,577.0,344.0,300.1666666666667
866,45,M,3549,59,13,0.0,554.0,1382.0,0.0,1088.0,394.3333333333333
867,57,M,1818,33,7,318.0,0.0,0.0,1049.0,276.0,259.7142857142857
868,68,F,1615,36,7,0.0,354.0,486.0,0.0,373.0,269.1666666666667
869,68,M,4395,75,14,802.0,0.0,0.0,1052.0,1803.0,439.5
870,41,F,3629,74,12,0.0,0.0,1390.0,985.0,719.0,403.22222222222223
871,25,M,2412,64,12,464.0,405.0,1083.0,0.0,0.0,301.5
872,23,M,2206,46,8,0.0,1256.0,352.0,598.0,0.0,367.6666666666667
873,27,F,3997,62,14,0.0,0.0,865.0,851.0,1199.0,499.625
874,55,F,1923,41,9,567.0,0.0,0.0,586.0,770.0,274.7142857142857
875,63,F,2134,48,8,0.0,292.0,0.0,347.0,1251.0,426.8
876,53,F,2289,59,11,0.0,479.0,1263.0,394.0,0.0,228.9
877,52,M,2900,39,8,485.0,445.0,1314.0,0.0,0.0,414.2857142857143
878,24,F,2148,49,8,0.0,0.0,953.0,403.0,498.0,429.6
879,19,M,1736,43,7,0.0,359.0,0.0,519.0,649.0,289.3333333333333
880,41,M,1251,24,6,0.0,0.0,404.0,397.0,450.0,208.5
881,20,M,2869,62,11,1077.0,595.0,0.0,0.0,571.0,409.85714285714283
882,56,F,3103,38,9,0.0,786.0,1404.0,913.0,0.0,443.2857142857143
883,27,M,2431,35,9,754.0,0.0,449.0,1156.0,0.0,405.1666666666667
884,46,M,3171,53,11,1561.0,0.0,0.0,760.0,564.0,317.1
885,60,F,2433,44,9,0.0,626.0,555.0,785.0,0.0,270.3333333333333
886,47,F,1791,40,8,376.0,0.0,0.0,252.0,934.0,255.85714285714286
887,21,M,2477,64,11,916.0,0.0,200.0,1137.0,0.0,309.625
888,51,M,2292,39,7,0.0,0.0,1008.0,1056.0,228.0,458.4
889,53,F,1040,23,6,144.0,0.0,254.0,642.0,0.0,173.33333333333334
890,32,F,2487,33,8,0.0,0.0,530.0,642.0,497.0,355.2857142857143
891,36,M,2268,40,9,536.0,0.0,0.0,490.0,642.0,378.0
892,40,F,1675,46,8,773.0,179.0,0.0,0.0,595.0,335.0
893,30,F,3135,70,12,0.0,0.0,1200.0,1152.0,452.0,391.875
894,45,M,714,39,6,204.0,0.0,0.0,415.0,53.0,119.0
895,45,M,1399,44,8,236.0,0.0,459.0,566.0,0.0,233.16666666666666
896,22,M,2543,41,9,347.0,363.0,0.0,1471.0,0.0,363.2857142857143
897,23,M,2415,33,7,0.0,0.0,0.0,788.0,1627.0,402.5
898,62,M,799,22,5,0.0,0.0,190.0,0.0,609.0,199.75
899,66,F,2725,51,9,664.0,0.0,0.0,1001.0,569.0,454.1666666666667
900,47,M,3258,74,15,0.0,0.0,1757.0,652.0,463.0,362.0
901,44,F,2199,53,8,0.0,348.0,0.0,797.0,869.0,366.5
902,43,M,3228,75,11,0.0,1026.0,833.0,669.0,0.0,403.5
903,51,F,2491,51,11,0.0,511.0,916.0,566.0,0.0,355.85714285714283
904,44,M,4545,84,14,0.0,0.0,1605.0,1519.0,1347.0,649.2857142857143
905,39,M,2606,37,9,800.0,0.0,0.0,595.0,436.0,372.2857142857143
906,65,F,3872,65,14,1246.0,718.0,0.0,1465.0,0.0,430.22222222222223
907,19,M,2936,52,10,0.0,776.0,0.0,747.0,1012.0,419.42857142857144
908,28,F,2101,36,6,960.0,355.0,0.0,520.0,0.0,350.1666666666667
909,47,F,3897,86,16,0.0,1407.0,921.0,972.0,0.0,389.7
910,36,M,1888,54,10,0.0,0.0,349.0,848.0,388.0,314.6666666666667
911,40,F,3237,73,11,0.0,0.0,944.0,986.0,1026.0,462.42857142857144
912,28,M,2858,57,12,0.0,0.0,989.0,823.0,602.0,357.25
913,19,F,2164,52,9,686.0,0.0,318.0,847.0,0.0,270.5
914,67,F,2233,43,9,0.0,0.0,1198.0,820.0,215.0,319.0
915,41,F,2197,51,9,0.0,649.0,728.0,820.0,0.0,244.11111111111111
916,33,M,1091,32,5,661.0,154.0,0.0,276.0,0.0,363.6666666666667
917,33,F,2915,60,12,990.0,0.0,808.0,0.0,726.0,485.8333333333333
918,55,M,1128,20,5,430.0,0.0,226.0,0.0,447.0,225.6
919,25,M,2337,53,11,0.0,1244.0,340.0,0.0,378.0,333.85714285714283
920,56,F,2841,69,12,0.0,825.0,500.0,0.0,829.0,355.125
921,44,M,2679,56,11,0.0,866.0,0.0,598.0,691.0,334.875
922,61,M,1657,22,5,663.0,0.0,994.0,0.0,0.0,552.3333333333334
923,37,F,2923,83,17,0.0,484.0,1013.0,537.0,0.0,292.3
924,64,F,3096,68,11,0.0,0.0,518.0,1057.0,745.0,619.2
925,58,F,702,27,4,62.0,404.0,0.0,204.0,0.0,234.0
926,68,F,1966,35,8,374.0,0.0,503.0,832.0,0.0,280.85714285714283
927,56,M,3303,44,12,0.0,792.0,1126.0,0.0,1001.0,412.875
928,36,F,5340,124,19,0.0,0.0,1252.0,1552.0,1111.0,593.3333333333334
929,54,M,1579,29,6,165.0,0.0,0.0,806.0,478.0,263.1666666666667
930,36,M,2129,38,8,1245.0,0.0,301.0,583.0,0.0,304.14285714285717
931,55,M,932,20,4,0.0,0.0,119.0,813.0,0.0,233.0
932,47,F,3867,67,11,0.0,755.0,0.0,919.0,1339.0,552.4285714285714
933,24,M,3051,60,12,490.0,0.0,818.0,0.0,1348.0,381.375
934,41,F,4712,79,17,791.0,0.0,1101.0,0.0,1569.0,392.6666666666667
935,26,M,2286,32,8,0.0,0.0,565.0,1112.0,490.0,381.0
936,68,M,2602,55,11,443.0,0.0,1188.0,0.0,825.0,289.1111111111111
937,38,M,2502,38,10,0.0,628.0,0.0,499.0,1149.0,312.75
938,34,F,3206,65,12,423.0,0.0,0.0,825.0,1371.0,534.3333333333334
939,36,F,3109,55,13,0.0,0.0,1593.0,643.0,743.0,388.625
940,20,F,2131,58,10,0.0,593.0,912.0,550.0,0.0,304.42857142857144
941,64,F,3569,67,14,1296.0,0.0,1334.0,619.0,0.0,446.125
942,20,M,3172,47,9,353.0,0.0,1856.0,611.0,0.0,396.5
943,27,M,3280,48,13,816.0,0.0,1051.0,0.0,930.0,364.44444444444446
944,28,F,1708,47,8,1047.0,0.0,217.0,444.0,0.0,244.0
945,65,F,2161,46,10,438.0,460.0,1113.0,0.0,0.0,308.7142857142857
946,60,F,2049,78,12,0.0,0.0,316.0,720.0,558.0,227.66666666666666
947,33,M,1617,27,5,396.0,0.0,696.0,525.0,0.0,404.25
948,21,F,3230,73,14,935.0,800.0,1405.0,0.0,0.0,358.8888888888889
949,54,F,2488,50,10,0.0,0.0,888.0,850.0,713.0,276.44444444444446
950,26,F,3189,70,12,0.0,1515.0,0.0,890.0,461.0,354.3333333333333
951,62,F,2566,55,11,760.0,0.0,0.0,911.0,609.0,427.6666666666667
952,69,M,3169,43,10,0.0,0.0,726.0,993.0,827.0,452.7142857142857
953,40,M,3899,69,14,0.0,0.0,784.0,1574.0,1057.0,433.22222222222223
954,36,M,4928,98,19,0.0,506.0,0.0,2303.0,1363.0,448.0
955,30,F,3106,81,13,855.0,0.0,593.0,0.0,757.0,388.25
956,18,F,3733,64,14,0.0,916.0,0.0,886.0,1224.0,466.625
957,34,F,1093,40,6,0.0,525.0,0.0,444.0,124.0,182.16666666666666
958,31,M,2771,46,9,0.0,900.0,1052.0,808.0,0.0,346.375
959,54,M,2555,52,10,0.0,1155.0,0.0,571.0,456.0,365.0
960,34,F,1975,55,10,0.0,0.0,372.0,1164.0,325.0,329.1666666666667
961,31,F,1696,39,8,0.0,0.0,366.0,442.0,888.0,282.6666666666667
962,24,F,2678,46,12,0.0,762.0,885.0,0.0,629.0,267.8
963,58,M,2101,48,8,574.0,0.0,823.0,372.0,0.0,420.2
964,47,F,3782,71,18,981.0,0.0,929.0,0.0,995.0,315.1666666666667
965,67,M,2025,58,9,0.0,457.0,613.0,563.0,0.0,253.125
966,53,F,3731,54,13,0.0,1157.0,626.0,0.0,1061.0,373.1
967,48,M,4802,66,17,0.0,0.0,2030.0,1131.0,1105.0,533.5555555555555
968,40,M,2511,60,10,0.0,962.0,579.0,0.0,601.0,358.7142857142857
969,36,F,1363,41,9,0.0,0.0,276.0,962.0,101.0,227.16666666666666
970,68,F,2599,55,12,0.0,539.0,838.0,1157.0,0.0,259.9
971,34,F,3320,67,12,0.0,428.0,1382.0,0.0,839.0,415.0
972,36,F,2837,38,9,854.0,0.0,0.0,827.0,682.0,472.8333333333333
973,64,F,2574,53,10,656.0,0.0,0.0,470.0,1009.0,367.7142857142857
974,22,F,2533,29,10,710.0,0.0,1006.0,386.0,0.0,422.1666666666667
975,58,F,1609,24,7,0.0,0.0,678.0,271.0,627.0,268.1666666666667
976,23,F,2459,50,9,0.0,0.0,392.0,1356.0,489.0,307.375
977,67,M,2378,43,11,0.0,0.0,385.0,427.0,941.0,297.25
978,42,M,4131,90,15,988.0,0.0,1003.0,0.0,1020.0,413.1
979,45,M,3302,78,14,0.0,0.0,657.0,1090.0,1102.0,366.8888888888889
980,66,F,2547,61,11,0.0,0.0,521.0,1139.0,544.0,254.7
981,18,F,4573,80,15,994.0,0.0,0.0,1261.0,1881.0,457.3
982,58,M,1691,30,6,0.0,550.0,463.0,0.0,678.0,338.2
983,42,M,3877,71,15,0.0,736.0,0.0,763.0,915.0,387.7
984,47,M,1809,38,6,0.0,356.0,0.0,908.0,412.0,361.8
985,64,M,2263,53,9,715.0,732.0,0.0,622.0,0.0,282.875
986,49,F,2096,51,9,573.0,0.0,912.0,0.0,425.0,232.88888888888889
987,30,F,1353,28,5,0.0,451.0,181.0,721.0,0.0,676.5
988,36,F,1842,40,8,0.0,155.0,926.0,653.0,0.0,307.0
989,36,F,5397,90,18,0.0,910.0,1176.0,1922.0,0.0,599.6666666666666
990,29,F,4429,79,16,0.0,1909.0,1426.0,1001.0,0.0,492.1111111111111
991,68,F,3750,79,15,1420.0,0.0,957.0,1050.0,0.0,375.0
992,52,F,3614,58,11,462.0,0.0,0.0,2211.0,540.0,401.55555555555554
993,25,F,2312,33,10,409.0,0.0,934.0,0.0,684.0,330.2857142857143
994,54,F,3592,77,12,0.0,418.0,1904.0,0.0,1144.0,399.1111111111111
995,29,F,1128,17,3,0.0,0.0,240.0,429.0,459.0,376.0
996,58,F,3686,63,12,0.0,0.0,840.0,719.0,1766.0,409.55555555555554
997,25,F,2146,38,9,722.0,379.0,531.0,0.0,0.0,306.57142857142856
998,31,M,1733,27,8,0.0,238.0,0.0,203.0,1105.0,247.57142857142858
999,34,F,3260,60,12,456.0,911.0,0.0,1290.0,0.0,362.22222222222223
1000,58,M,5088,82,16,0.0,0.0,2386.0,1593.0,674.0,462.54545454545456
